구분,계정과목,기수,연도,금액(백만원)
별도 재무상태표,"유동자산",제 26 기,2025,134187
별도 재무상태표,"비유동자산",제 26 기,2025,143894
별도 재무상태표,"자산총계",제 26 기,2025,278081
별도 재무상태표,"유동부채",제 26 기,2025,154303
별도 재무상태표,"비유동부채",제 26 기,2025,35834
별도 재무상태표,"부채총계",제 26 기,2025,190137
별도 재무상태표,"자본총계",제 26 기,2025,87944
별도 재무상태표,"자본과부채총계",제 26 기,2025,278081
별도 재무상태표,"유동자산",제 25 기,2024,246847
별도 재무상태표,"비유동자산",제 25 기,2024,111074
별도 재무상태표,"자산총계",제 25 기,2024,357921
별도 재무상태표,"유동부채",제 25 기,2024,232864
별도 재무상태표,"비유동부채",제 25 기,2024,37043
별도 재무상태표,"부채총계",제 25 기,2024,269907
별도 재무상태표,"자본총계",제 25 기,2024,88014
별도 재무상태표,"자본과부채총계",제 25 기,2024,357921
별도 재무상태표,"유동자산",제 24 기,2023,175687
별도 재무상태표,"비유동자산",제 24 기,2023,61314
별도 재무상태표,"자산총계",제 24 기,2023,237001
별도 재무상태표,"유동부채",제 24 기,2023,155741
별도 재무상태표,"비유동부채",제 24 기,2023,1257
별도 재무상태표,"부채총계",제 24 기,2023,156998
별도 재무상태표,"자본총계",제 24 기,2023,80003
별도 재무상태표,"자본과부채총계",제 24 기,2023,237001
별도 재무상태표,"유동자산",제 23 기,2022,102744
별도 재무상태표,"비유동자산",제 23 기,2022,40137
별도 재무상태표,"자산총계",제 23 기,2022,142881
별도 재무상태표,"유동부채",제 23 기,2022,78210
별도 재무상태표,"비유동부채",제 23 기,2022,36
별도 재무상태표,"부채총계",제 23 기,2022,78246
별도 재무상태표,"자본총계",제 23 기,2022,64635
별도 재무상태표,"자본과부채총계",제 23 기,2022,142881
별도 재무상태표,"유동자산",제 22 기,2021,68792
별도 재무상태표,"비유동자산",제 22 기,2021,29889
별도 재무상태표,"자산총계",제 22 기,2021,98681
별도 재무상태표,"유동부채",제 22 기,2021,38271
별도 재무상태표,"비유동부채",제 22 기,2021,73
별도 재무상태표,"부채총계",제 22 기,2021,38344
별도 재무상태표,"자본총계",제 22 기,2021,60337
별도 재무상태표,"자본과부채총계",제 22 기,2021,98681
연결 재무상태표,"유동자산",제 26 기,2025,134492
연결 재무상태표,"비유동자산",제 26 기,2025,193025
연결 재무상태표,"자산총계",제 26 기,2025,327517
연결 재무상태표,"유동부채",제 26 기,2025,206734
연결 재무상태표,"비유동부채",제 26 기,2025,59472
연결 재무상태표,"부채총계",제 26 기,2025,266206
연결 재무상태표,"자본총계",제 26 기,2025,61311
연결 재무상태표,"자본과부채총계",제 26 기,2025,327517
연결 재무상태표,"유동자산",제 25 기,2024,252354
연결 재무상태표,"비유동자산",제 25 기,2024,162299
연결 재무상태표,"자산총계",제 25 기,2024,414653
연결 재무상태표,"유동부채",제 25 기,2024,278830
연결 재무상태표,"비유동부채",제 25 기,2024,62760
연결 재무상태표,"부채총계",제 25 기,2024,341590
연결 재무상태표,"자본총계",제 25 기,2024,73063
연결 재무상태표,"자본과부채총계",제 25 기,2024,414653
연결 재무상태표,"유동자산",제 24 기,2023,174767
연결 재무상태표,"비유동자산",제 24 기,2023,71630
연결 재무상태표,"자산총계",제 24 기,2023,246397
연결 재무상태표,"유동부채",제 24 기,2023,163634
연결 재무상태표,"비유동부채",제 24 기,2023,10505
연결 재무상태표,"부채총계",제 24 기,2023,174139
연결 재무상태표,"자본총계",제 24 기,2023,72258
연결 재무상태표,"자본과부채총계",제 24 기,2023,246397
연결 재무상태표,"유동자산",제 23 기,2022,104082
연결 재무상태표,"비유동자산",제 23 기,2022,36172
연결 재무상태표,"자산총계",제 23 기,2022,140254
연결 재무상태표,"유동부채",제 23 기,2022,78760
연결 재무상태표,"비유동부채",제 23 기,2022,1572
연결 재무상태표,"부채총계",제 23 기,2022,80332
연결 재무상태표,"자본총계",제 23 기,2022,59922
연결 재무상태표,"자본과부채총계",제 23 기,2022,140254
연결 재무상태표,"유동자산",제 22 기,2021,73666
연결 재무상태표,"비유동자산",제 22 기,2021,26463
연결 재무상태표,"자산총계",제 22 기,2021,100129
연결 재무상태표,"유동부채",제 22 기,2021,40661
연결 재무상태표,"비유동부채",제 22 기,2021,123
연결 재무상태표,"부채총계",제 22 기,2021,40784
연결 재무상태표,"자본총계",제 22 기,2021,59345
연결 재무상태표,"자본과부채총계",제 22 기,2021,100129
별도 손익계산서,"매출액",제 26 기,2025,141602
별도 손익계산서,"매출원가",제 26 기,2025,122036
별도 손익계산서,"매출총이익",제 26 기,2025,19566
별도 손익계산서,"판매비와관리비",제 26 기,2025,16457
별도 손익계산서,"영업이익(손실)",제 26 기,2025,3109
별도 손익계산서,"기타수익(비용)",제 26 기,2025,2144
별도 손익계산서,"금융수익(비용)",제 26 기,2025,-1509
별도 손익계산서,"법인세차감전순이익(비용)",제 26 기,2025,3744
별도 손익계산서,"법인세비용(수익)",제 26 기,2025,2550
별도 손익계산서,"당기순이익(손실)",제 26 기,2025,1194
별도 손익계산서,"매출액",제 25 기,2024,197497
별도 손익계산서,"매출원가",제 25 기,2024,167555
별도 손익계산서,"매출총이익",제 25 기,2024,29942
별도 손익계산서,"판매비와관리비",제 25 기,2024,20828
별도 손익계산서,"영업이익(손실)",제 25 기,2024,9114
별도 손익계산서,"기타수익(비용)",제 25 기,2024,121
별도 손익계산서,"금융수익(비용)",제 25 기,2024,440
별도 손익계산서,"법인세차감전순이익(비용)",제 25 기,2024,9675
별도 손익계산서,"법인세비용(수익)",제 25 기,2024,-524
별도 손익계산서,"당기순이익(손실)",제 25 기,2024,10199
별도 손익계산서,"매출액",제 24 기,2023,234330
별도 손익계산서,"매출원가",제 24 기,2023,197286
별도 손익계산서,"매출총이익",제 24 기,2023,37044
별도 손익계산서,"판매비와관리비",제 24 기,2023,18222
별도 손익계산서,"영업이익(손실)",제 24 기,2023,18822
별도 손익계산서,"기타수익(비용)",제 24 기,2023,-1949
별도 손익계산서,"금융수익(비용)",제 24 기,2023,501
별도 손익계산서,"법인세차감전순이익(비용)",제 24 기,2023,17374
별도 손익계산서,"법인세비용(수익)",제 24 기,2023,2222
별도 손익계산서,"당기순이익(손실)",제 24 기,2023,15152
별도 손익계산서,"매출액",제 23 기,2022,78468
별도 손익계산서,"매출원가",제 23 기,2022,66298
별도 손익계산서,"매출총이익",제 23 기,2022,12170
별도 손익계산서,"판매비와관리비",제 23 기,2022,10282
별도 손익계산서,"영업이익(손실)",제 23 기,2022,1888
별도 손익계산서,"기타수익(비용)",제 23 기,2022,71
별도 손익계산서,"금융수익(비용)",제 23 기,2022,-714
별도 손익계산서,"법인세차감전순이익(비용)",제 23 기,2022,1245
별도 손익계산서,"법인세비용(수익)",제 23 기,2022,-883
별도 손익계산서,"당기순이익(손실)",제 23 기,2022,2128
별도 손익계산서,"매출액",제 22 기,2021,58836
별도 손익계산서,"매출원가",제 22 기,2021,52758
별도 손익계산서,"매출총이익",제 22 기,2021,6078
별도 손익계산서,"판매비와관리비",제 22 기,2021,8931
별도 손익계산서,"영업이익(손실)",제 22 기,2021,-2853
별도 손익계산서,"기타수익(비용)",제 22 기,2021,34
별도 손익계산서,"금융수익(비용)",제 22 기,2021,1027
별도 손익계산서,"법인세차감전순이익(비용)",제 22 기,2021,-1792
별도 손익계산서,"법인세비용(수익)",제 22 기,2021,-2151
별도 손익계산서,"당기순이익(손실)",제 22 기,2021,359
연결 손익계산서,"매출액",제 26 기,2025,147080
연결 손익계산서,"매출원가",제 26 기,2025,124195
연결 손익계산서,"매출총이익",제 26 기,2025,22885
연결 손익계산서,"판매비와관리비",제 26 기,2025,28719
연결 손익계산서,"영업이익(손실)",제 26 기,2025,-5835
연결 손익계산서,"기타수익(비용)",제 26 기,2025,1829
연결 손익계산서,"지분법손익",제 26 기,2025,149
연결 손익계산서,"금융수익(비용)",제 26 기,2025,-4345
연결 손익계산서,"법인세차감전순이익(비용)",제 26 기,2025,-8202
연결 손익계산서,"법인세비용(수익)",제 26 기,2025,2551
연결 손익계산서,"당기순이익(손실)",제 26 기,2025,-10753
연결 손익계산서,"매출액",제 25 기,2024,200156
연결 손익계산서,"매출원가",제 25 기,2024,168493
연결 손익계산서,"매출총이익",제 25 기,2024,31663
연결 손익계산서,"판매비와관리비",제 25 기,2024,28302
연결 손익계산서,"영업이익(손실)",제 25 기,2024,3361
연결 손익계산서,"기타수익(비용)",제 25 기,2024,860
연결 손익계산서,"금융수익(비용)",제 25 기,2024,-1988
연결 손익계산서,"법인세차감전순이익(비용)",제 25 기,2024,2233
연결 손익계산서,"법인세비용(수익)",제 25 기,2024,-524
연결 손익계산서,"당기순이익(손실)",제 25 기,2024,2757
연결 손익계산서,"매출액",제 24 기,2023,235952
연결 손익계산서,"매출원가",제 24 기,2023,196928
연결 손익계산서,"매출총이익",제 24 기,2023,39024
연결 손익계산서,"판매비와관리비",제 24 기,2023,23510
연결 손익계산서,"영업이익(손실)",제 24 기,2023,15514
연결 손익계산서,"기타수익(비용)",제 24 기,2023,-604
연결 손익계산서,"금융수익(비용)",제 24 기,2023,-620
연결 손익계산서,"법인세차감전순이익(비용)",제 24 기,2023,14290
연결 손익계산서,"법인세비용(수익)",제 24 기,2023,2222
연결 손익계산서,"당기순이익(손실)",제 24 기,2023,12068
연결 손익계산서,"매출액",제 23 기,2022,79393
연결 손익계산서,"매출원가",제 23 기,2022,66472
연결 손익계산서,"매출총이익",제 23 기,2022,12921
연결 손익계산서,"판매비와관리비",제 23 기,2022,15435
연결 손익계산서,"영업이익(손실)",제 23 기,2022,-2514
연결 손익계산서,"기타수익(비용)",제 23 기,2022,76
연결 손익계산서,"금융수익(비용)",제 23 기,2022,-108
연결 손익계산서,"법인세차감전순이익(비용)",제 23 기,2022,-2546
연결 손익계산서,"법인세비용(수익)",제 23 기,2022,-864
연결 손익계산서,"당기순이익(손실)",제 23 기,2022,-1682
연결 손익계산서,"매출액",제 22 기,2021,61532
연결 손익계산서,"매출원가",제 22 기,2021,54869
연결 손익계산서,"매출총이익",제 22 기,2021,6663
연결 손익계산서,"판매비와관리비",제 22 기,2021,11490
연결 손익계산서,"영업이익(손실)",제 22 기,2021,-4827
연결 손익계산서,"기타수익(비용)",제 22 기,2021,268
연결 손익계산서,"금융수익(비용)",제 22 기,2021,1010
연결 손익계산서,"법인세차감전순이익(비용)",제 22 기,2021,-3549
연결 손익계산서,"법인세비용(수익)",제 22 기,2021,-2266
연결 손익계산서,"당기순이익(손실)",제 22 기,2021,-1283